id,sheet,x_pt,y_pt,easting,northing,source,note,enabled
part-1-g001,part-1,200.36,115.88,6603600.0,4699800.0,grid,"grid cross, 100 m lattice",1
part-1-g002,part-1,1901.12,115.88,6603900.0,4699800.0,grid,"grid cross, 100 m lattice",1
part-1-g003,part-1,3034.967,115.88,6604100.0,4699800.0,grid,"grid cross, 100 m lattice",1
part-1-g004,part-1,200.36,682.793,6603600.0,4699900.0,grid,"grid cross, 100 m lattice",1
part-1-g005,part-1,767.24,682.793,6603700.0,4699900.0,grid,"grid cross, 100 m lattice",1
part-1-g006,part-1,1334.207,682.793,6603800.0,4699900.0,grid,"grid cross, 100 m lattice",1
part-1-g007,part-1,1901.12,682.793,6603900.0,4699900.0,grid,"grid cross, 100 m lattice",1
part-1-g008,part-1,3034.967,682.793,6604100.0,4699900.0,grid,"grid cross, 100 m lattice",1
part-1-g009,part-1,200.36,1249.727,6603600.0,4700000.0,grid,"grid cross, 100 m lattice",1
part-1-g010,part-1,767.24,1249.727,6603700.0,4700000.0,grid,"grid cross, 100 m lattice",1
part-1-g011,part-1,1334.207,1249.727,6603800.0,4700000.0,grid,"grid cross, 100 m lattice",1
part-1-g012,part-1,1901.12,1249.727,6603900.0,4700000.0,grid,"grid cross, 100 m lattice",1
part-1-g013,part-1,2468.0,1249.727,6604000.0,4700000.0,grid,"grid cross, 100 m lattice",1
part-1-g014,part-1,3034.967,1249.727,6604100.0,4700000.0,grid,"grid cross, 100 m lattice",1
part-1-g015,part-1,200.36,1816.64,6603600.0,4700100.0,grid,"grid cross, 100 m lattice",1
part-1-g016,part-1,767.24,1816.64,6603700.0,4700100.0,grid,"grid cross, 100 m lattice",1
part-1-g017,part-1,1334.207,1816.64,6603800.0,4700100.0,grid,"grid cross, 100 m lattice",1
part-1-g018,part-1,1901.12,1816.64,6603900.0,4700100.0,grid,"grid cross, 100 m lattice",1
part-1-g019,part-1,2468.0,1816.64,6604000.0,4700100.0,grid,"grid cross, 100 m lattice",1
part-1-g020,part-1,3034.967,1816.64,6604100.0,4700100.0,grid,"grid cross, 100 m lattice",1
part-1-g021,part-1,3601.88,1816.64,6604200.0,4700100.0,grid,"grid cross, 100 m lattice",1
part-1-g022,part-1,200.36,2383.52,6603600.0,4700200.0,grid,"grid cross, 100 m lattice",1
part-1-g023,part-1,767.24,2383.52,6603700.0,4700200.0,grid,"grid cross, 100 m lattice",1
part-1-g024,part-1,1334.207,2383.52,6603800.0,4700200.0,grid,"grid cross, 100 m lattice",1
part-1-g025,part-1,1901.12,2383.52,6603900.0,4700200.0,grid,"grid cross, 100 m lattice",1
part-1-g026,part-1,2468.0,2383.52,6604000.0,4700200.0,grid,"grid cross, 100 m lattice",1
part-1-g027,part-1,3034.967,2383.52,6604100.0,4700200.0,grid,"grid cross, 100 m lattice",1
part-1-g028,part-1,3601.88,2383.52,6604200.0,4700200.0,grid,"grid cross, 100 m lattice",1
part-2-g001,part-2,660.68,505.433,6603600.0,4699500.0,grid,"grid cross, 100 m lattice",1
part-2-g002,part-2,1227.56,505.433,6603700.0,4699500.0,grid,"grid cross, 100 m lattice",1
part-2-g003,part-2,1794.473,505.433,6603800.0,4699500.0,grid,"grid cross, 100 m lattice",1
part-2-g004,part-2,98.216,505.439,6603500.0,4699500.0,grid,"grid cross, 100 m lattice",0
part-2-g005,part-2,98.216,1072.361,6603500.0,4699600.0,grid,"grid cross, 100 m lattice",0
part-2-g006,part-2,1227.56,1072.367,6603700.0,4699600.0,grid,"grid cross, 100 m lattice",1
part-2-g007,part-2,1794.473,1072.367,6603800.0,4699600.0,grid,"grid cross, 100 m lattice",1
part-2-g008,part-2,660.68,1639.28,6603600.0,4699700.0,grid,"grid cross, 100 m lattice",1
part-2-g009,part-2,1794.473,1639.28,6603800.0,4699700.0,grid,"grid cross, 100 m lattice",1
part-2-g010,part-2,2928.32,1639.28,6604000.0,4699700.0,grid,"grid cross, 100 m lattice",1
part-2-g011,part-2,660.68,2206.16,6603600.0,4699800.0,grid,"grid cross, 100 m lattice",1
part-2-g012,part-2,2361.44,2206.16,6603900.0,4699800.0,grid,"grid cross, 100 m lattice",1
part-2-g013,part-2,3495.233,2206.16,6604100.0,4699800.0,grid,"grid cross, 100 m lattice",1
part-2-g014,part-2,660.68,2773.073,6603600.0,4699900.0,grid,"grid cross, 100 m lattice",1
part-2-g015,part-2,1227.56,2773.073,6603700.0,4699900.0,grid,"grid cross, 100 m lattice",1
part-2-g016,part-2,1794.473,2773.073,6603800.0,4699900.0,grid,"grid cross, 100 m lattice",1
part-2-g017,part-2,2361.44,2773.073,6603900.0,4699900.0,grid,"grid cross, 100 m lattice",1
part-2-g018,part-2,3495.233,2773.073,6604100.0,4699900.0,grid,"grid cross, 100 m lattice",1
part-2-g019,part-2,98.216,2773.079,6603500.0,4699900.0,grid,"grid cross, 100 m lattice",0
